Name;Município;Data_Avist;Estado;Latitude;Longitude;Data_Revis;Status
Praia de Japaratinga;Japaratinga;2019-09-07;AL;"9° 5' 36.71"" S";"35° 15' 29.58"" W";2019-10-19;Oleada - Manchas
Praia do Carro Quebrado;Passo de Camaragibe;2019-09-18;AL;"9° 20' 30.08"" S";"35° 26' 55.32"" W";2019-10-14;Oleada - Manchas
Porto de Galinhas;Ipojuca;2019-09-02;PE;"8° 30' 26.10"" S";"35° 0' 0.659"" W";2019-10-19;Oleada - Manchas
Ilha Cocaia;Cabo de Santo Agostinho;2019-09-02;PE;"8° 21' 34.57"" S";"34° 57' 29.98"" W";;Oleada - Manchas
Praia do Gunga;Roteiro;2019-09-22;AL;"9° 54' 11.14"" S";"35° 56' 19.57"" W";2019-10-16;Oleada - Manchas
Travosa;Santo Amaro do Maranhão;2019-09-25;MA;"2° 24' 26.77"" S";"43° 8' 5.709"" W";2019-09-28;Oleada - Manchas
Atalaia Nova;Barra dos Coqueiros;2019-09-02;SE;"10° 57' 7.999"" S";"37° 1' 45.99"" W";2019-10-18;Oleada - Manchas
Sítio do Conde;Conde;2019-10-04;BA;"11° 51' 10.63"" S";"37° 33' 50.37"" W";2019-10-13;Oleada - Manchas
Jandaíra;Jandaíra;2019-10-04;BA;"11° 31' 42.78"" S";"37° 24' 5.665"" W";2019-10-05;Oleada - Manchas
Lagoa do Pau;Coruripe;2019-09-27;AL;"10° 7' 47.04"" S";"36° 6' 36.04"" W";2019-10-07;Oleada - Manchas
Mamucabo;Esplanada;2019-10-07;BA;"12° 9' 46.82"" S";"37° 43' 27.08"" W";2019-10-08;Oleada - Manchas
Santo Antônio;Mata de São João;2019-10-01;BA;"12° 27' 34.92"" S";"37° 55' 56.26"" W";2019-10-15;Oleada - Manchas
Porto de Sauípe;Entre Rios;2019-10-09;BA;"12° 23' 32.26"" S";"37° 52' 53.72"" W";2019-10-14;Oleada - Manchas
Mangue;Estância;2019-10-12;SE;"11° 6' 45.99"" S";"37° 10' 1.629"" W";2019-10-15;Oleada - Manchas
Barra do Santo Antonio;Barra do Santo Antonio;2019-10-13;AL;"9° 25' 52.88"" S";"35° 30' 31.53"" W";2019-10-15;Oleada - Manchas
Ilha da Croa;Barra do Santo Antonio;2019-10-13;AL;"9° 22' 55.57"" S";"35° 29' 28.36"" W";2019-10-13;Oleada - Manchas
Praia de Japaratinga;Japaratinga;2019-10-16;AL;"9° 4' 56.00"" S";"35° 14' 54.65"" W";2019-10-19;Oleada - Manchas
Praia de Japaratinga;Japaratinga;2019-10-16;AL;"9° 4' 5.685"" S";"35° 14' 13.10"" W";2019-10-19;Oleada - Manchas
Barra Grande;Maragogi;2019-10-16;AL;"8° 54' 59.00"" S";"35° 9' 9.770"" W";2019-10-18;Oleada - Manchas
Pedra do Sal;Salvador;2019-10-16;BA;"12° 57' 8.521"" S";"38° 20' 46.58"" W";2019-10-19;Oleada - Manchas
Ponta das Ilhotas;Tamandaré;2019-10-18;PE;"8° 47' 10.92"" S";"35° 6' 13.58"" W";2019-10-18;Oleada - Manchas
Ilha de Santo Aleixo;Sirinhaém;2019-10-19;PE;"8° 36' 44.49"" S";"35° 1' 27.34"" W";;Oleada - Manchas
Ponta do Mangue;Maragogi;2019-10-16;AL;"8° 57' 47.14"" S";"35° 10' 29.91"" W";;Oleada - Manchas
Carneiros;Tamandaré;2019-09-03;PE;"8° 42' 11.83"" S";"35° 4' 46.89"" W";2019-10-19;Oleada - Manchas
Praia do Paiva;Cabo de Santo Agostinho;2019-09-04;PE;"8° 15' 36.16"" S";"34° 56' 41.26"" W";;Oleada - Vestígios/Esparsos
Praia de Dell Chifre;Olinda;2019-09-02;PE;"8° 1' 36.74"" S";"34° 51' 30.98"" W";;Oleada - Vestígios/Esparsos
Praia de Gamboa;Ipojuca;2019-09-02;PE;"8° 28' 31.00"" S";"34° 59' 41.93"" W";;Oleada - Vestígios/Esparsos
Candeias;Jaboatão dos Guararapes;2019-09-03;PE;"8° 11' 46.37"" S";"34° 55' 7.219"" W";;Oleada - Vestígios/Esparsos
Praia da Prainha;Aquiraz;2019-09-10;CE;"3° 54' 7.249"" S";"38° 20' 41.79"" W";2019-10-09;Oleada - Vestígios/Esparsos
Maracajaú;Maxaranguape;2019-09-17;RN;"5° 25' 36.72"" S";"35° 17' 33.51"" W";2019-10-02;Oleada - Vestígios/Esparsos
Pajuçara/Ponta Verde;Maceió;2019-09-15;AL;"9° 39' 51.55"" S";"35° 42' 26.60"" W";2019-09-15;Oleada - Vestígios/Esparsos
Conceição;Paulista;2019-09-02;PE;"7° 52' 43.84"" S";"34° 49' 43.74"" W";;Oleada - Vestígios/Esparsos
Praia de Tambaba;Conde;2019-08-30;PB;"7° 21' 55.89"" S";"34° 47' 51.84"" W";2019-10-15;Oleada - Vestígios/Esparsos
Piedade;Jaboatão dos Guararapes;2019-09-03;PE;"8° 10' 51.69"" S";"34° 54' 59.59"" W";;Oleada - Vestígios/Esparsos
Praia do Forte Orange;Ilha de Itamaracá;2019-09-02;PE;"7° 48' 37.24"" S";"34° 50' 17.55"" W";;Oleada - Vestígios/Esparsos
Barra de São Miguel;Barra de São Miguel;2019-09-19;AL;"9° 49' 32.33"" S";"35° 52' 45.35"" W";;Oleada - Vestígios/Esparsos
Praia de Nossa Senhora do Ó;Ipojuca;2019-09-02;PE;"8° 26' 45.93"" S";"34° 58' 59.57"" W";2019-10-19;Oleada - Vestígios/Esparsos
Maracajaú;Maxaranguape;2019-09-10;RN;"5° 24' 38.34"" S";"35° 18' 34.79"" W";2019-10-02;Oleada - Vestígios/Esparsos
Praia do Francês;Marechal Deodoro;2019-09-18;AL;"9° 46' 11.18"" S";"35° 50' 20.89"" W";;Oleada - Vestígios/Esparsos
Redinha;Natal;2019-09-20;RN;"5° 45' 4.360"" S";"35° 12' 8.560"" W";2019-10-02;Oleada - Vestígios/Esparsos
Santa Rita;Extremoz;2019-09-20;RN;"5° 42' 7.570"" S";"35° 11' 36.85"" W";2019-10-02;Oleada - Vestígios/Esparsos
Jenipabu;Extremoz;2019-09-20;RN;"5° 41' 32.37"" S";"35° 12' 21.35"" W";2019-10-02;Oleada - Vestígios/Esparsos
Barra de Santo Antônio;Barra de Santo Antônio;2019-09-22;AL;"9° 20' 53.00"" S";"35° 27' 52.00"" W";2019-10-13;Oleada - Vestígios/Esparsos
Lot. Encontro do Mar;Marechal Deodoro;2019-09-21;AL;"9° 47' 20.25"" S";"35° 51' 22.13"" W";;Oleada - Vestígios/Esparsos
Paripueira;Paripueira;2019-09-22;AL;"9° 27' 31.99"" S";"35° 32' 13.99"" W";;Oleada - Vestígios/Esparsos
Praia do Gunga;Roteiro;2019-09-22;AL;"9° 52' 5.250"" S";"35° 54' 20.78"" W";;Oleada - Vestígios/Esparsos
Ponta da Ilha Verde;Nísia Floresta;2019-09-12;RN;"6° 0' 25.43"" S";"35° 6' 24.65"" W";2019-10-01;Oleada - Vestígios/Esparsos
Foz do rio Catu;Canguaretama;2019-09-12;RN;"6° 17' 12.54"" S";"35° 2' 5.949"" W";2019-10-02;Oleada - Vestígios/Esparsos
Paracuru;Paracuru;2019-09-23;CE;"3° 24' 13.63"" S";"39° 1' 5.819"" W";2019-10-18;Oleada - Vestígios/Esparsos
Praia de Alagamar;Natal;2019-09-24;RN;"5° 53' 26.34"" S";"35° 9' 14.30"" W";2019-09-24;Oleada - Vestígios/Esparsos
Praia de Jatobá;Barra dos Coqueiros;2019-09-24;SE;"10° 48' 15.50"" S";"36° 54' 40.87"" W";2019-10-02;Oleada - Vestígios/Esparsos
Barra dos Coqueiros;Barra dos Coqueiros;2019-09-24;SE;"10° 56' 22.07"" S";"37° 1' 15.08"" W";2019-10-17;Oleada - Vestígios/Esparsos
Praia do Pirambu;Pirambu;2019-09-24;SE;"10° 44' 10.87"" S";"36° 50' 46.04"" W";2019-10-19;Oleada - Vestígios/Esparsos
Morro Branco;Beberibe;2019-09-07;CE;"4° 9' 16.00"" S";"38° 6' 32.00"" W";2019-10-08;Oleada - Vestígios/Esparsos
Pontal do Coruripe;Coruripe;2019-09-27;AL;"10° 9' 38.62"" S";"36° 8' 7.093"" W";2019-10-13;Oleada - Vestígios/Esparsos
Sabiaguaba;Fortaleza;2019-09-26;CE;"3° 48' 0.300"" S";"38° 25' 2.488"" W";2019-10-17;Oleada - Vestígios/Esparsos
Piaçabuçu;Piaçabuçu;2019-10-01;AL;"10° 26' 16.94"" S";"36° 21' 14.31"" W";;Oleada - Vestígios/Esparsos
Lagoinha;Paraipaba;2019-10-01;CE;"3° 20' 49.00"" S";"39° 6' 48.00"" W";2019-10-18;Oleada - Vestígios/Esparsos
Luís Correia;Luís Correia;2019-09-30;PI;"2° 53' 58.58"" S";"41° 36' 29.75"" W";2019-09-30;Oleada - Vestígios/Esparsos
Mosqueiro;Aracajú;2019-10-02;SE;"11° 4' 27.77"" S";"37° 6' 26.06"" W";2019-10-17;Oleada - Vestígios/Esparsos
Ipioca;Maceió;2019-09-17;AL;"9° 32' 52.36"" S";"35° 37' 3.178"" W";2019-10-03;Oleada - Vestígios/Esparsos
Atalaia;Aracajú;2019-10-02;SE;"10° 58' 50.09"" S";"37° 2' 10.75"" W";2019-10-17;Oleada - Vestígios/Esparsos
Abais;Estância;2019-09-03;SE;"11° 20' 27.23"" S";"37° 17' 22.98"" W";2019-10-05;Oleada - Vestígios/Esparsos
Porto;Barra dos Coqueiros;2019-09-02;SE;"10° 50' 42.99"" S";"36° 56' 52.99"" W";2019-10-17;Oleada - Vestígios/Esparsos
Mangue Seco;Jandaíra;2019-10-04;BA;"11° 27' 46.80"" S";"37° 21' 9.195"" W";2019-10-04;Oleada - Vestígios/Esparsos
Caueira;Estância;2019-10-03;SE;"11° 13' 17.70"" S";"37° 12' 26.78"" W";2019-10-15;Oleada - Vestígios/Esparsos
Itariri;Conde;2019-10-05;BA;"11° 57' 58.76"" S";"37° 37' 12.84"" W";2019-10-15;Oleada - Vestígios/Esparsos
Jandaíra;Jandaíra;2019-10-05;BA;"11° 37' 2.636"" S";"37° 26' 59.13"" W";2019-10-05;Oleada - Vestígios/Esparsos
Conde;Conde;2019-10-05;BA;"11° 44' 24.05"" S";"37° 31' 1.861"" W";2019-10-05;Oleada - Vestígios/Esparsos
Estância;Estância;2019-10-05;SE;"11° 21' 58.12"" S";"37° 18' 2.053"" W";2019-10-13;Oleada - Vestígios/Esparsos
Foz do Rio Inhampube;Esplanada;2019-10-07;BA;"12° 5' 51.00"" S";"37° 41' 19.00"" W";2019-10-15;Oleada - Vestígios/Esparsos
Baixio;Esplanada;2019-10-07;BA;"12° 8' 0.049"" S";"37° 42' 24.99"" W";2019-10-14;Oleada - Vestígios/Esparsos
Foz do Rio Subauma;Esplanada;2019-10-07;BA;"12° 13' 38.08"" S";"37° 45' 48.95"" W";2019-10-16;Oleada - Vestígios/Esparsos
Praia do Forte;Mata de São João;2019-10-08;BA;"12° 34' 9.265"" S";"37° 59' 47.98"" W";2019-10-19;Oleada - Vestígios/Esparsos
Praia do Saco;Itaporanga D'Ajuda;2019-09-03;SE;"11° 15' 8.890"" S";"37° 13' 55.80"" W";2019-10-05;Oleada - Vestígios/Esparsos
Imbassaí;Mata de São João;2019-10-10;BA;"12° 29' 53.18"" S";"37° 57' 30.99"" W";;Oleada - Vestígios/Esparsos
Massarandupió;Entre Rios;2019-10-11;BA;"12° 18' 43.41"" S";"37° 49' 38.74"" W";;Oleada - Vestígios/Esparsos
Praia do Artistas;Salvador;2019-10-11;BA;"12° 58' 32.93"" S";"38° 25' 2.849"" W";;Oleada - Vestígios/Esparsos
Praia do Corsário;Salvador;2019-10-11;BA;"12° 58' 10.50"" S";"38° 24' 28.84"" W";2019-10-19;Oleada - Vestígios/Esparsos
Mangue;Estância;2019-10-12;SE;"11° 26' 6.482"" S";"37° 24' 29.62"" W";;Oleada - Vestígios/Esparsos
Ponta da Barra;Marechal Deodoro;2019-10-13;AL;"9° 43' 2.477"" S";"35° 47' 45.32"" W";;Oleada - Vestígios/Esparsos
Coruripe;Coruripe;2019-10-12;AL;"10° 10' 7.999"" S";"36° 9' 54.33"" W";;Oleada - Vestígios/Esparsos
Barreira do Boqueirão;Japaratinga;2019-10-14;AL;"9° 7' 30"" S";"35° 16' 31.99"" W";2019-10-18;Oleada - Vestígios/Esparsos
Mangue Seco;Jandaíra;2019-10-14;BA;"11° 40' 37.74"" S";"37° 28' 47.82"" W";;Oleada - Vestígios/Esparsos
Barra do Santo Antonio;Barra do Santo Antonio;2019-10-13;AL;"9° 24' 50.99"" S";"35° 29' 51.78"" W";2019-10-14;Oleada - Vestígios/Esparsos
Jardim de Alah;Salvador;2019-10-16;BA;"12° 59' 56.04"" S";"38° 26' 46.96"" W";2019-10-19;Oleada - Vestígios/Esparsos
Praia de Aruanã;Aracajú;2019-10-15;SE;"11° 6' 29.40"" S";"37° 8' 2.386"" W";2019-10-17;Oleada - Vestígios/Esparsos
Quixaba;Aracati;2019-10-14;CE;"4° 34' 9.615"" S";"37° 39' 22.40"" W";;Oleada - Vestígios/Esparsos
Caponga;Cascavel;2019-10-14;CE;"4° 2' 12.31"" S";"38° 11' 59.62"" W";;Oleada - Vestígios/Esparsos
Coroa do Meio;Aracajú;2019-10-16;SE;"10° 57' 49.76"" S";"37° 2' 17.11"" W";2019-10-17;Oleada - Vestígios/Esparsos
Praia Jardim dos Namorados;Salvador;2019-10-16;BA;"13° 0' 10.99"" S";"38° 27' 0.897"" W";2019-10-16;Oleada - Vestígios/Esparsos
Ponta do Mangue;Maragogi;2019-10-16;AL;"8° 57' 20.20"" S";"35° 10' 16.69"" W";2019-10-18;Oleada - Vestígios/Esparsos
Praia do Antunes;Maragogi;2019-10-16;AL;"8° 58' 40.20"" S";"35° 10' 54.69"" W";2019-10-17;Oleada - Vestígios/Esparsos
Mosqueiro;Aracajú;2019-10-16;SE;"11° 1' 44.66"" S";"37° 4' 34.25"" W";2019-10-17;Oleada - Vestígios/Esparsos
Pituba;Salvador;2019-10-16;BA;"13° 0' 34.94"" S";"38° 27' 47.00"" W";2019-10-19;Oleada - Vestígios/Esparsos
Praia da Paciência;Salvador;2019-10-17;BA;"13° 0' 39.37"" S";"38° 29' 48.10"" W";;Oleada - Vestígios/Esparsos
Vera Cruz;Vera Cruz;2019-10-17;BA;"12° 57' 38.44"" S";"38° 36' 19.34"" W";2019-10-17;Oleada - Vestígios/Esparsos
Barra Grande;Maragogi;2019-10-17;AL;"8° 59' 28.92"" S";"35° 11' 57.07"" W";2019-10-17;Oleada - Vestígios/Esparsos
Bom Despacho;Itaparica;2019-10-18;BA;"12° 54' 20.84"" S";"38° 37' 54.77"" W";2019-10-19;Oleada - Vestígios/Esparsos
Amaralina;Salvador;2019-10-17;BA;"13° 0' 51.99"" S";"38° 28' 14.99"" W";2019-10-19;Oleada - Vestígios/Esparsos
Mangue;Itaporanga D'ajuda;2019-10-17;SE;"11° 5' 21.00"" S";"37° 12' 22.51"" W";;Oleada - Vestígios/Esparsos
Praia da Peroba;Maragogi;2019-10-18;AL;"8° 55' 48.99"" S";"35° 9' 49.48"" W";2019-10-18;Oleada - Vestígios/Esparsos
Ponta da Gameleira_Barra Sirinhaém;Sirinhaém;2019-10-18;BA;"8° 40' 19.11"" S";"35° 4' 17.50"" W";2019-10-19;Oleada - Vestígios/Esparsos
Barra Grande;Maraú;2019-10-18;BA;"13° 52' 5.984"" S";"38° 56' 42.01"" W";;Oleada - Vestígios/Esparsos
Ondina;Salvador;2019-10-19;BA;"13° 0' 39.57"" S";"38° 30' 31.87"" W";;Oleada - Vestígios/Esparsos
Caixa Prego;Vera Cruz;;BA;"13° 7' 42.15"" S";"38° 47' 29.67"" W";;Oleada - Vestígios/Esparsos
Barra Grande;Itaparica;2019-10-19;BA;"13° 2' 31.85"" S";"38° 40' 39.58"" W";;Oleada - Vestígios/Esparsos
Itacaré;Itacaré;2019-10-19;BA;"14° 22' 57.04"" S";"39° 0' 37.41"" W";;Oleada - Vestígios/Esparsos
Pirangi do Norte;Parnamirim;2019-09-11;RN;"5° 58' 19.05"" S";"35° 7' 32.98"" W";2019-10-18;Oleada - Vestígios/Esparsos
Barreira do Inferno;Parnamirim;2019-09-11;RN;"5° 56' 8.930"" S";"35° 9' 17.33"" W";2019-09-24;Oleada - Vestígios/Esparsos
Via Costeira;Natal;2019-09-07;RN;"5° 49' 43.34"" S";"35° 10' 58.24"" W";2019-10-01;Oleada - Vestígios/Esparsos
Pirambúzios;Nísia Floresta;2019-09-10;RN;"5° 59' 27.88"" S";"35° 6' 47.13"" W";2019-10-18;Oleada - Vestígios/Esparsos
Pirambúzios;Nísia Floresta;2019-09-10;RN;"5° 59' 11.65"" S";"35° 6' 59.05"" W";2019-10-18;Oleada - Vestígios/Esparsos
Foz do Rio Pirangi/Pium;Nísia Floresta;2019-09-11;RN;"5° 58' 57.46"" S";"35° 7' 16.97"" W";2019-10-03;Oleada - Vestígios/Esparsos
Pirangi do Sul;Nísia Floresta;2019-09-11;RN;"5° 59' 4.363"" S";"35° 7' 7.995"" W";2019-10-18;Oleada - Vestígios/Esparsos
Barra de Tabatinga - Tartarugas;Nísia Floresta;2019-09-10;RN;"6° 3' 25.49"" S";"35° 5' 48.44"" W";2019-10-18;Oleada - Vestígios/Esparsos
Búzios (Rio Doce);Nísia Floresta;2019-09-11;RN;"6° 0' 59.73"" S";"35° 6' 31.40"" W";2019-10-03;Oleada - Vestígios/Esparsos
Praia do Amor;Tibau do Sul;2019-09-10;RN;"6° 13' 50.13"" S";"35° 2' 31.76"" W";2019-10-02;Oleada - Vestígios/Esparsos
Pirambu;Tibau do Sul;2019-09-10;RN;"6° 11' 14.81"" S";"35° 5' 6.240"" W";2019-10-02;Oleada - Vestígios/Esparsos
Praia do Giz;Tibau do Sul;2019-09-10;RN;"6° 10' 56.30"" S";"35° 5' 22.30"" W";2019-10-02;Oleada - Vestígios/Esparsos
Sibaúma/Das Minas;Tibau do Sul;2019-09-11;RN;"6° 15' 56.49"" S";"35° 2' 17.72"" W";2019-09-28;Oleada - Vestígios/Esparsos
Tibau do Sul;Tibau do Sul;2019-09-10;RN;"6° 10' 46.85"" S";"35° 5' 28.83"" W";2019-10-02;Oleada - Vestígios/Esparsos
Baía Formosa;Baía Formosa;2019-09-07;RN;"6° 22' 15.39"" S";"35° 0' 22.18"" W";2019-10-19;Oleada - Vestígios/Esparsos
Boa Viagem;Recife;2019-09-03;PE;"8° 8' 25.13"" S";"34° 54' 10.84"" W";;Oleada - Vestígios/Esparsos
Pontas das Pedras;Goiana;2019-09-07;PE;"7° 37' 58.45"" S";"34° 48' 43.59"" W";2019-09-30;Óleo - Não Observado
Praia de Jacumã;Conde;2019-08-30;PB;"7° 16' 40.79"" S";"34° 47' 56.53"" W";2019-10-15;Óleo - Não Observado
Barra do Rio Mamanguape;Rio Tinto;2019-09-07;PB;"6° 46' 39.55"" S";"34° 55' 22.76"" W";2019-10-04;Óleo - Não Observado
Ilha dos Poldros;Araioses;2019-09-16;MA;"2° 43' 22.81"" S";"41° 51' 26.88"" W";2019-09-28;Óleo - Não Observado
Caraúbas;Maxaranguape;2019-09-15;RN;"5° 26' 39.80"" S";"35° 17' 28.41"" W";2019-09-22;Óleo - Não Observado
Oiteiro;Rio Tinto;2019-09-07;PB;"6° 49' 54.47"" S";"34° 54' 39.11"" W";2019-10-04;Óleo - Não Observado
Lagoa de Praia;Rio Tinto;2019-09-07;PB;"6° 48' 19.94"" S";"34° 54' 56.67"" W";2019-10-04;Óleo - Não Observado
Praia de Campina;Rio Tinto;2019-09-07;PB;"6° 48' 53.44"" S";"34° 54' 51.03"" W";2019-10-04;Óleo - Não Observado
Janga;Paulista;2019-09-02;PE;"7° 55' 41.43"" S";"34° 49' 14.70"" W";2019-09-18;Óleo - Não Observado
Maria Farinha;Paulista;2019-09-02;PE;"7° 51' 18.86"" S";"34° 50' 4.349"" W";2019-09-18;Óleo - Não Observado
Caraúbas;Maxaranguape;2019-09-15;RN;"5° 27' 53.73"" S";"35° 16' 56.06"" W";2019-09-22;Óleo - Não Observado
Praia de Touros;Touros;2019-09-14;RN;"5° 11' 22.36"" S";"35° 27' 49.19"" W";2019-09-26;Óleo - Não Observado
Praia do Calcanhar;Touros;2019-09-14;RN;"5° 9' 38.81"" S";"35° 29' 8.879"" W";2019-09-26;Óleo - Não Observado
Praia Bela;Pitimbu;2019-08-30;PB;"7° 23' 55.92"" S";"34° 48' 16.73"" W";2019-10-15;Óleo - Não Observado
Ponta Negra;Natal;2019-09-14;RN;"5° 52' 42.27"" S";"35° 10' 24.24"" W";2019-10-01;Óleo - Não Observado
Praia do Cabo Branco;João Pessoa;2019-09-01;PB;"7° 8' 43.34"" S";"34° 48' 33.83"" W";2019-10-01;Óleo - Não Observado
Praia de Tambaú;João Pessoa;2019-09-01;PB;"7° 6' 45.25"" S";"34° 49' 16.88"" W";2019-10-01;Óleo - Não Observado
Praia de Gramame;Conde;2019-08-30;PB;"7° 14' 57.80"" S";"34° 48' 20.65"" W";2019-10-15;Óleo - Não Observado
Praia do Amor;Conde;2019-09-30;PB;"7° 16' 27.18"" S";"34° 48' 4.750"" W";2019-10-15;Óleo - Não Observado
Praia Formosa;Cabedelo;2019-09-01;PB;"6° 58' 21.09"" S";"34° 49' 44.18"" W";2019-10-01;Óleo - Não Observado
Praia de Camboinha;Cabedelo;2019-09-01;PB;"7° 0' 10.57"" S";"34° 49' 31.63"" W";2019-10-01;Óleo - Não Observado
Praia do Poço;Cabedelo;2019-09-01;PB;"7° 1' 11.43"" S";"34° 49' 45.79"" W";2019-10-01;Óleo - Não Observado
Praia de Intermares;Cabedelo;2019-09-01;PB;"7° 2' 33.22"" S";"34° 50' 25.96"" W";2019-10-01;Óleo - Não Observado
Pau Amarelo;Paulista;2019-09-02;PE;"7° 56' 18.08"" S";"34° 49' 24.21"" W";2019-09-18;Óleo - Não Observado
Barra do rio Camaratuba;Mataraca;2019-09-07;PB;"6° 35' 33.45"" S";"34° 57' 58.12"" W";2019-10-04;Óleo - Não Observado
Barra do Rio;Extremoz;2019-09-20;RN;"5° 40' 45.06"" S";"35° 12' 52.44"" W";2019-09-27;Óleo - Não Observado
Cabo de São Roque;Maxaranguape;2019-09-14;RN;"5° 29' 5.600"" S";"35° 15' 35.61"" W";2019-09-22;Óleo - Não Observado
Praia Canto do Atins;Barreirinhas;2019-09-20;MA;"2° 34' 3.951"" S";"42° 44' 47.95"" W";2019-09-28;Óleo - Não Observado
Praia do Barro Vermelho;Paulino Neves;2019-09-21;MA;"2° 39' 21.69"" S";"42° 36' 28.80"" W";2019-09-28;Óleo - Não Observado
Ilha dos Poldros;Ilha Grande;2019-09-20;MA;"2° 44' 49.04"" S";"41° 48' 8.107"" W";2019-09-28;Óleo - Não Observado
Praia Canto do Atins;Barreirinhas;2019-09-22;MA;"2° 32' 35.44"" S";"42° 50' 2.559"" W";2019-09-28;Óleo - Não Observado
Praia do Forte;Natal;2019-09-17;RN;"5° 45' 45.92"" S";"35° 11' 44.00"" W";2019-10-01;Óleo - Não Observado
Praia de Areia Preta;Natal;2019-09-17;RN;"5° 47' 22.46"" S";"35° 11' 16.48"" W";2019-10-01;Óleo - Não Observado
Praia de Taíba;São Gonçalo do Amarante;2019-09-23;CE;"3° 32' 35.00"" S";"38° 50' 44.00"" W";2019-10-18;Óleo - Não Observado
Praia de Taíba;São Gonçalo do Amarante;2019-09-23;CE;"3° 30' 53.00"" S";"38° 52' 51.99"" W";2019-10-18;Óleo - Não Observado
Praia de Itatinga;Alcântara;2019-09-22;MA;"2° 24' 46.61"" S";"44° 23' 54.97"" W";2019-10-17;Óleo - Não Observado
Praia de Ponta dos Mangues;Pacatuba;2019-09-24;SE;"10° 34' 37.96"" S";"36° 35' 7.170"" W";2019-10-01;Óleo - Não Observado
Praia da Mamuna;Alcântara;2019-09-25;MA;"2° 15' 37.90"" S";"44° 23' 13.59"" W";2019-10-17;Óleo - Não Observado
Santo Amaro do Maranhão;Santo Amaro do Maranhão;2019-09-25;MA;"2° 20' 44.58"" S";"43° 20' 54.08"" W";2019-09-25;Óleo - Não Observado
Ilha do Livramento;Alcântara;2019-09-25;MA;"2° 25' 14.28"" S";"44° 25' 15.43"" W";2019-10-17;Óleo - Não Observado
Malhada;Jijoca de Jericoacoara;2019-09-26;CE;"2° 47' 26.00"" S";"40° 31' 5.000"" W";2019-10-03;Óleo - Não Observado
Barra de Sucatinga;Beberibe;2019-09-08;CE;"4° 15' 10.00"" S";"38° 0' 27.00"" W";2019-10-09;Óleo - Não Observado
Praia do Arrombado;Luís Correia;2019-09-27;PI;"2° 54' 44.00"" S";"41° 31' 27.99"" W";2019-09-27;Óleo - Não Observado
Av. Litorânea;São Luís;2019-09-26;MA;"2° 28' 55.49"" S";"44° 14' 41.30"" W";2019-09-28;Óleo - Não Observado
São José da Coroa Grande;São José da Coroa Grande;2019-09-25;PE;"8° 52' 15.07"" S";"35° 8' 2.586"" W";2019-10-17;Óleo - Não Observado
Praia da Costa;Barra dos Coqueiros;2019-09-02;SE;"10° 55' 43.00"" S";"37° 0' 48.99"" W";2019-10-18;Óleo - Não Observado
Pontal de Maceió;Fortim;2019-09-28;CE;"4° 25' 22.26"" S";"37° 46' 8.901"" W";2019-10-10;Óleo - Não Observado
Piaçabuçu;Piaçabuçu;2019-10-05;AL;"10° 21' 10.69"" S";"36° 17' 38.43"" W";2019-10-13;Óleo - Não Observado
Ilha Caçacueira - Resex de Cururupu;Cururupu;2019-10-10;MA;"1° 29' 2.237"" S";"44° 44' 45.79"" W";2019-10-17;Óleo - Não Observado
Praia da Lama;Cajueiro da Praia;2019-09-28;PI;"2° 56' 22.40"" S";"41° 19' 25.17"" W";;Óleo - Não Observado
Guarajuba;Camaçari;2019-10-09;BA;"12° 36' 29.50"" S";"38° 2' 19.94"" W";2019-10-19;Óleo - Não Observado
Guarajuba;Camaçari;2019-10-09;BA;"12° 38' 57.32"" S";"38° 3' 40.16"" W";2019-10-19;Óleo - Não Observado
Praia do Coqueiro;Luís Correia;2019-09-30;PI;"2° 54' 13.00"" S";"41° 34' 20.00"" W";;Óleo - Não Observado
Atalaia;Luis Correia;2019-09-30;PI;"2° 52' 48.62"" S";"41° 38' 19.62"" W";;Óleo - Não Observado
Pedra do Sal;Parnaíba;2019-09-30;PI;"2° 48' 25.04"" S";"41° 43' 34.95"" W";;Óleo - Não Observado
Praia Peito de Moça;Luís Correia;2019-09-30;PI;"2° 54' 11.19"" S";"41° 35' 57.99"" W";;Óleo - Não Observado
Arembepe;Camaçari;2019-10-10;BA;"12° 45' 44.99"" S";"38° 10' 5.500"" W";;Óleo - Não Observado
Praia Vilas do Atlântico;Lauro de Freitas;2019-10-11;BA;"12° 53' 41.99"" S";"38° 17' 31.99"" W";2019-10-16;Óleo - Não Observado
Foz do Rio São Francisco;Piaçabuçu;2019-10-09;AL;"10° 29' 21.99"" S";"36° 23' 37.00"" W";2019-10-13;Óleo - Não Observado
Foz do Rio São Francisco;Brejo Grande;2019-10-09;SE;"10° 29' 39.99"" S";"36° 24' 38.00"" W";;Óleo - Não Observado
Rio Pojuca;Mata de São João;2019-10-13;BA;"12° 35' 47.22"" S";"38° 1' 51.66"" W";2019-10-15;Óleo - Não Observado
Rio Vermelho;Salvador;2019-10-17;BA;"13° 0' 41.06"" S";"38° 29' 40.03"" W";2019-10-19;Óleo - Não Observado
Praia do Jauá;Camaçari;2019-10-18;BA;"12° 49' 36.61"" S";"38° 13' 21.69"" W";2019-10-19;Óleo - Não Observado
Cotolelo;Parnamirim;2019-09-11;RN;"5° 57' 46.28"" S";"35° 8' 46.82"" W";2019-10-01;Óleo - Não Observado
Barreta;Nísia Floresta;2019-09-10;RN;"6° 7' 25.61"" S";"35° 5' 58.55"" W";2019-10-16;Óleo - Não Observado
Camurupim;Nísia Floresta;2019-09-10;RN;"6° 4' 39.48"" S";"35° 5' 59.53"" W";2019-10-18;Óleo - Não Observado
Pipa;Tibau do Sul;2019-09-10;RN;"6° 13' 40.49"" S";"35° 2' 51.33"" W";2019-09-28;Óleo - Não Observado
Zumbi/Rio do Fogo;Rio do Fogo;2019-09-11;RN;"5° 19' 10.41"" S";"35° 21' 43.53"" W";2019-09-26;Óleo - Não Observado
Muriú;Ceará-Mirim;2019-09-12;RN;"5° 31' 23.40"" S";"35° 15' 5.460"" W";2019-09-27;Óleo - Não Observado
Barra do Cunhaú;Canguaretama;2019-09-10;RN;"6° 18' 7.589"" S";"35° 1' 56.54"" W";2019-10-02;Óleo - Não Observado
Perobas;Touros;2019-09-11;RN;"5° 15' 4.919"" S";"35° 23' 35.14"" W";2019-10-17;Óleo - Não Observado
Sagi;Baía Formosa;2019-09-07;RN;"6° 27' 51.32"" S";"34° 58' 22.61"" W";2019-10-19;Óleo - Não Observado
Catuama;Goiana;2019-09-07;PE;"7° 40' 47.60"" S";"34° 49' 55.70"" W";2019-09-30;Óleo - Não Observado
Tamandaré;Tamandaré;2019-09-07;PE;"8° 45' 44.40"" S";"35° 6' 12.95"" W";2019-10-15;Óleo - Não Observado
Rio Punaú;Rio do Fogo;2019-09-11;RN;"5° 21' 0.599"" S";"35° 21' 24.60"" W";2019-10-09;Óleo - Não Observado
Jacumã;Ceará-Mirim;2019-09-11;RN;"5° 35' 10.09"" S";"35° 13' 38.60"" W";2019-09-27;Óleo - Não Observado